{
    "0": 196,
    "1": 199,
    "10": 45,
    "2": 124,
    "3": 150,
    "4": 38,
    "5": 53,
    "7": 33,
    "DS_Store": 214,
    "JPG": 218,
    "MF": 24,
    "PNG": 141,
    "R": 134,
    "S": 213,
    "TIF": 57,
    "TXT": 43,
    "TextGrid": 14,
    "a": 143,
    "ad": 55,
    "adoc": 268,
    "ai": 118,
    "am": 71,
    "as": 197,
    "asp": 115,
    "aspx": 83,
    "bak": 22,
    "bat": 164,
    "bin": 230,
    "bmp": 82,
    "bowerrc": 64,
    "bpm": 226,
    "builder": 15,
    "c": 281,
    "cache": 217,
    "cc": 212,
    "cfg": 122,
    "class": 273,
    "classpath": 154,
    "clj": 90,
    "cmd": 127,
    "coffee": 245,
    "com": 113,
    "conf": 206,
    "config": 191,
    "cpp": 270,
    "creole": 171,
    "crt": 17,
    "cs": 261,
    "cshtml": 152,
    "csproj": 145,
    "css": 288,
    "csv": 284,
    "ctp": 215,
    "d": 232,
    "dat": 249,
    "data": 108,
    "db": 133,
    "dir": 19,
    "dist": 46,
    "dll": 240,
    "doc": 160,
    "doctree": 50,
    "docx": 91,
    "editorconfig": 165,
    "ejs": 244,
    "eot": 253,
    "ep": 65,
    "eps": 93,
    "erb": 271,
    "err": 166,
    "eslintignore": 32,
    "eslintrc": 102,
    "ex": 30,
    "exe": 163,
    "exp": 29,
    "exs": 75,
    "f": 73,
    "feature": 84,
    "filters": 80,
    "flow": 58,
    "fs": 204,
    "gem": 26,
    "genre": 227,
    "gif": 285,
    "gitattributes": 161,
    "gitignore": 263,
    "gitkeep": 221,
    "gitmodules": 116,
    "glsl": 78,
    "go": 260,
    "gradle": 172,
    "graphml": 76,
    "groovy": 176,
    "gsp": 168,
    "gz": 234,
    "h": 282,
    "haml": 203,
    "handlebars": 135,
    "hbs": 180,
    "hpp": 239,
    "hs": 185,
    "htaccess": 147,
    "htm": 256,
    "html": 296,
    "http": 48,
    "i": 39,
    "ico": 243,
    "idea": 103,
    "imageset": 195,
    "iml": 125,
    "in": 156,
    "inc": 265,
    "index": 105,
    "info": 231,
    "ini": 250,
    "inl": 3,
    "install": 192,
    "ipynb": 235,
    "jade": 224,
    "jag": 237,
    "jams": 189,
    "jar": 248,
    "java": 286,
    "jbuilder": 106,
    "jpeg": 272,
    "jpg": 293,
    "js": 299,
    "jshintignore": 1,
    "jshintrc": 228,
    "jsm": 149,
    "json": 294,
    "json5": 16,
    "jsp": 181,
    "jsx": 54,
    "keep": 264,
    "key": 23,
    "ld": 0,
    "less": 277,
    "lisp": 13,
    "ll": 262,
    "lock": 219,
    "log": 169,
    "lproj": 111,
    "lua": 120,
    "m": 255,
    "m4": 62,
    "makefile": 92,
    "map": 246,
    "markdown": 266,
    "mat": 241,
    "md": 297,
    "md5": 198,
    "meta": 200,
    "meteor-portable": 4,
    "mk": 140,
    "ml": 194,
    "mli": 81,
    "mo": 274,
    "module": 223,
    "mp3": 175,
    "mp4": 59,
    "mustache": 27,
    "n": 72,
    "name": 99,
    "nib": 86,
    "npmignore": 275,
    "nupkg": 137,
    "nuspec": 67,
    "o": 233,
    "obj": 119,
    "ogg": 31,
    "opts": 97,
    "org": 56,
    "orig": 138,
    "os": 190,
    "otf": 201,
    "out": 68,
    "pages": 121,
    "patch": 177,
    "pbxproj": 100,
    "pch": 20,
    "pdb": 126,
    "pddl": 41,
    "pde": 131,
    "pdf": 267,
    "pem": 28,
    "pg": 289,
    "pgm": 220,
    "php": 295,
    "phpt": 11,
    "phtml": 229,
    "pl": 186,
    "plain": 225,
    "plist": 174,
    "pm": 104,
    "png": 298,
    "po": 276,
    "pot": 173,
    "prefs": 207,
    "pro": 51,
    "project": 182,
    "properties": 222,
    "proto": 130,
    "ps1": 87,
    "psd": 155,
    "pug": 114,
    "pxd": 123,
    "pxi": 70,
    "py": 290,
    "pyc": 269,
    "pyx": 153,
    "q": 247,
    "r": 25,
    "rake": 42,
    "rb": 287,
    "rde": 8,
    "rdoc": 148,
    "rdr": 74,
    "rkt": 159,
    "rspec": 37,
    "rst": 292,
    "rtf": 112,
    "ru": 188,
    "s": 146,
    "sass": 139,
    "sax": 40,
    "sax2": 9,
    "sbt": 117,
    "scala": 259,
    "scm": 211,
    "scss": 280,
    "scssc": 178,
    "settings": 158,
    "sff": 66,
    "sh": 251,
    "slim": 144,
    "sln": 151,
    "sp2": 208,
    "sql": 238,
    "ss": 142,
    "stats": 110,
    "step": 36,
    "storyboard": 52,
    "strings": 63,
    "styl": 136,
    "svg": 278,
    "svn": 107,
    "svn-base": 257,
    "swf": 202,
    "swift": 183,
    "table": 60,
    "tar": 34,
    "td": 85,
    "template": 49,
    "test": 252,
    "tex": 210,
    "text": 5,
    "tf": 167,
    "tgz": 184,
    "tlog": 193,
    "tmcfg": 10,
    "tmp": 44,
    "tmpl": 61,
    "tmx": 6,
    "tpl": 162,
    "track": 35,
    "ts": 242,
    "tsv": 94,
    "tt2": 128,
    "ttf": 258,
    "twig": 129,
    "txt": 291,
    "types": 79,
    "vcproj": 12,
    "vcxproj": 95,
    "volt": 69,
    "wav": 170,
    "wml": 7,
    "woff": 254,
    "woff2": 216,
    "xaml": 47,
    "xcconfig": 2,
    "xcf": 18,
    "xcodeproj": 101,
    "xcscheme": 98,
    "xcuserdatad": 109,
    "xcuserstate": 21,
    "xcworkspace": 89,
    "xcworkspacedata": 88,
    "xib": 77,
    "xls": 157,
    "xlsx": 187,
    "xml": 283,
    "xsd": 132,
    "xsl": 179,
    "xyz": 236,
    "yaml": 205,
    "yml": 279,
    "z": 96,
    "zip": 209
}